1)
SQL> select First_name as WORKER_NAME from worker;

WORKER_NAME
--------------------
Monika
Niharika
Vishal
Amithabh
Vivek
Vipul
Satish
Geetika

8 rows selected.

2)
SQL> select upper(First_name) from worker;

UPPER(FIRST_NAME)
--------------------
MONIKA
NIHARIKA
VISHAL
AMITHABH
VIVEK
VIPUL
SATISH
GEETIKA

8 rows selected.

3)
SQL> select unique depatment from worker;

DEPATMENT
----------
HR
Account
Admin

4)
SQL> select substr(First_name,1,3) from worker;

SUB
---
Mon
Nih
Vis
Ami
Viv
Vip
Sat
Gee

8 rows selected.

5)
SQL> SELECT instr(First_name,'A') from worker where First_name='Amithabh';

INSTR(FIRST_NAME,'A')
---------------------
                    1